label,id,fea_1,fea_2,fea_3,fea_4,fea_5,fea_6,fea_7,fea_8,fea_9,fea_10,fea_11
1,54982665,5,1245.5,3,77000,2,15,5,109,5,151300,244.948974
0,59004779,4,1277.0,1,113000,2,8,-1,100,3,341759,207.17384
0,58990862,7,1298.0,1,110000,2,11,-1,101,5,72001,1.0
1,58995168,7,1335.5,1,151000,2,11,5,110,3,60084,1.0
0,54987320,7,,2,59000,2,11,5,108,4,450081,197.403141
0,58995200,6,1280.0,2,90000,2,12,4,105,2,123456,150.0
1,59000000,5,1300.0,3,100000,2,10,3,110,5,200000,180.0
